task_id,label,theta,algo,alpha,alpha1,alpha2,alpha3,alloc,n_j,N_j,L,U,covered,width,width_clip,L_tilde,U_tilde,delta_L,delta_U,W1,W2,W3
2020:Asian Americans / Democrat,Asian Americans / Democrat,76.85927770859277,synth_only,0.15,0.005,0.005,0.13999999999999999,abs_005_005,803,803,75.69270149896897,76.07953372090631,False,0.3868322219373397,0.3868322219373397,75.69270149896897,76.07953372090631,0.0,0.0,0.3868322219373397,0.0,0.0
2020:Black Americans / Democrat,Black Americans / Democrat,79.29751552795031,synth_only,0.15,0.005,0.005,0.13999999999999999,abs_005_005,1610,1610,85.6871977530771,85.93462160728598,False,0.24742385420887558,0.24742385420887558,85.6871977530771,85.93462160728598,0.0,0.0,0.24742385420887558,0.0,0.0
2020:Christians / Democrat,Christians / Democrat,64.73093093093092,synth_only,0.15,0.005,0.005,0.13999999999999999,abs_005_005,1665,1665,63.5685323847002,63.93517089944424,False,0.3666385147440394,0.3666385147440394,63.5685323847002,63.93517089944424,0.0,0.0,0.3666385147440394,0.0,0.0
2020:Conservatives / Democrat,Conservatives / Democrat,35.64436407474382,synth_only,0.15,0.005,0.005,0.13999999999999999,abs_005_005,1659,1659,28.592799103078267,29.155871097768316,False,0.5630719946900484,0.5630719946900484,28.592799103078267,29.155871097768316,0.0,0.0,0.5630719946900484,0.0,0.0
2020:Democratic Party / Democrat,Democratic Party / Democrat,74.37744276940256,synth_only,0.15,0.005,0.005,0.13999999999999999,abs_005_005,1791,1791,83.89574559610323,84.3538114296593,False,0.458065833556077,0.458065833556077,83.89574559610323,84.3538114296593,0.0,0.0,0.458065833556077,0.0,0.0
2020:Gays and Lesbians / Democrat,Gays and Lesbians / Democrat,78.59603841536615,synth_only,0.15,0.005,0.005,0.13999999999999999,abs_005_005,1666,1666,89.15127661549602,89.4598857257071,False,0.30860911021107995,0.30860911021107995,89.15127661549602,89.4598857257071,0.0,0.0,0.30860911021107995,0.0,0.0
2020:Jews / Democrat,Jews / Democrat,78.18083182640144,synth_only,0.15,0.005,0.005,0.13999999999999999,abs_005_005,1659,1659,76.03418990105297,76.37182432213339,False,0.3376344210804234,0.3376344210804234,76.03418990105297,76.37182432213339,0.0,0.0,0.3376344210804234,0.0,0.0
2020:Liberals / Democrat,Liberals / Democrat,74.21308523409364,synth_only,0.15,0.005,0.005,0.13999999999999999,abs_005_005,1666,1666,85.09909920766432,85.57999348385772,False,0.4808942761933963,0.4808942761933963,85.09909920766432,85.57999348385772,0.0,0.0,0.4808942761933963,0.0,0.0
2020:Muslims / Democrat,Muslims / Democrat,70.39203860072377,synth_only,0.15,0.005,0.005,0.13999999999999999,abs_005_005,1658,1658,69.93624672912696,70.34686249194098,False,0.4106157628140181,0.4106157628140181,69.93624672912696,70.34686249194098,0.0,0.0,0.4106157628140181,0.0,0.0
2020:Republican Party / Democrat,Republican Party / Democrat,16.80891364902507,synth_only,0.15,0.005,0.005,0.13999999999999999,abs_005_005,1795,1795,24.134446216350337,24.619734176344974,False,0.48528795999463625,0.48528795999463625,24.134446216350337,24.619734176344974,0.0,0.0,0.48528795999463625,0.0,0.0
2020:White Americans / Democrat,White Americans / Democrat,69.7076059850374,synth_only,0.15,0.005,0.005,0.13999999999999999,abs_005_005,1604,1604,63.74095771139311,64.01491830219487,False,0.2739605908017637,0.2739605908017637,63.74095771139311,64.01491830219487,0.0,0.0,0.2739605908017637,0.0,0.0
2020:Asian Americans / Independent,Asian Americans / Independent,72.28767123287672,synth_only,0.15,0.005,0.005,0.13999999999999999,abs_005_005,657,657,68.81883366063275,69.35127085785581,False,0.5324371972230608,0.5324371972230608,68.81883366063275,69.35127085785581,0.0,0.0,0.5324371972230608,0.0,0.0
2020:Black Americans / Independent,Black Americans / Independent,71.57042253521126,synth_only,0.15,0.005,0.005,0.13999999999999999,abs_005_005,1420,1420,75.5671526134488,76.19690577384392,False,0.6297531603951256,0.6297531603951256,75.5671526134488,76.19690577384392,0.0,0.0,0.6297531603951256,0.0,0.0
2020:Christians / Independent,Christians / Independent,68.019795221843,synth_only,0.15,0.005,0.005,0.13999999999999999,abs_005_005,1465,1465,63.81548639375356,64.24575112624325,False,0.43026473248968955,0.43026473248968955,63.81548639375356,64.24575112624325,0.0,0.0,0.43026473248968955,0.0,0.0
2020:Conservatives / Independent,Conservatives / Independent,52.13410483321988,synth_only,0.15,0.005,0.005,0.13999999999999999,abs_005_005,1469,1469,49.468429173947655,50.52609409137658,False,1.057664917428923,1.057664917428923,49.468429173947655,50.52609409137658,0.0,0.0,1.057664917428923,0.0,0.0
2020:Democratic Party / Independent,Democratic Party / Independent,41.77846534653465,synth_only,0.15,0.005,0.005,0.13999999999999999,abs_005_005,1616,1616,52.16702686450227,53.48107465546861,False,1.3140477909663417,1.3140477909663417,52.16702686450227,53.48107465546861,0.0,0.0,1.3140477909663417,0.0,0.0
2020:Gays and Lesbians / Independent,Gays and Lesbians / Independent,66.64412568306011,synth_only,0.15,0.005,0.005,0.13999999999999999,abs_005_005,1464,1464,69.81475341446175,71.02882428238244,False,1.2140708679206966,1.2140708679206966,69.81475341446175,71.02882428238244,0.0,0.0,1.2140708679206966,0.0,0.0
2020:Jews / Independent,Jews / Independent,72.68587105624142,synth_only,0.15,0.005,0.005,0.13999999999999999,abs_005_005,1458,1458,69.0828602741976,69.43549857465422,False,0.3526383004566185,0.3526383004566185,69.0828602741976,69.43549857465422,0.0,0.0,0.3526383004566185,0.0,0.0
2020:Liberals / Independent,Liberals / Independent,51.09795918367347,synth_only,0.15,0.005,0.005,0.13999999999999999,abs_005_005,1470,1470,53.55877888594264,55.05559626302256,False,1.4968173770799211,1.4968173770799211,53.55877888594264,55.05559626302256,0.0,0.0,1.4968173770799211,0.0,0.0
2020:Muslims / Independent,Muslims / Independent,59.846206425153795,synth_only,0.15,0.005,0.005,0.13999999999999999,abs_005_005,1463,1463,51.851996764346325,52.86290990802317,False,1.010913143676845,1.010913143676845,51.851996764346325,52.86290990802317,0.0,0.0,1.010913143676845,0.0,0.0
2020:Republican Party / Independent,Republican Party / Independent,39.13097454996896,synth_only,0.15,0.005,0.005,0.13999999999999999,abs_005_005,1611,1611,47.48717348795351,48.499517755256676,False,1.0123442673031633,1.0123442673031633,47.48717348795351,48.499517755256676,0.0,0.0,1.0123442673031633,0.0,0.0
2020:White Americans / Independent,White Americans / Independent,70.00705218617772,synth_only,0.15,0.005,0.005,0.13999999999999999,abs_005_005,1418,1418,63.855759421620974,64.2404564202036,False,0.3846969985826263,0.3846969985826263,63.855759421620974,64.2404564202036,0.0,0.0,0.3846969985826263,0.0,0.0
2020:Asian Americans / Republican,Asian Americans / Republican,68.96216216216216,synth_only,0.15,0.005,0.005,0.13999999999999999,abs_005_005,740,740,68.27123252560247,68.68802686890777,False,0.4167943433052983,0.4167943433052983,68.27123252560247,68.68802686890777,0.0,0.0,0.4167943433052983,0.0,0.0
2020:Black Americans / Republican,Black Americans / Republican,67.90102827763496,synth_only,0.15,0.005,0.005,0.13999999999999999,abs_005_005,1556,1556,64.44855493465569,64.7945192099949,False,0.34596427533921315,0.34596427533921315,64.44855493465569,64.7945192099949,0.0,0.0,0.34596427533921315,0.0,0.0
2020:Christians / Republican,Christians / Republican,83.948125,synth_only,0.15,0.005,0.005,0.13999999999999999,abs_005_005,1600,1600,77.53549690039507,77.90942793227508,False,0.3739310318800051,0.3739310318800051,77.53549690039507,77.90942793227508,0.0,0.0,0.3739310318800051,0.0,0.0
2020:Conservatives / Republican,Conservatives / Republican,77.7940074906367,synth_only,0.15,0.005,0.005,0.13999999999999999,abs_005_005,1602,1602,79.53550905690446,79.96651745569841,False,0.43100839879394925,0.43100839879394925,79.53550905690446,79.96651745569841,0.0,0.0,0.43100839879394925,0.0,0.0
2020:Democratic Party / Republican,Democratic Party / Republican,15.193310657596372,synth_only,0.15,0.005,0.005,0.13999999999999999,abs_005_005,1764,1764,20.57211171368309,21.140759408042907,False,0.568647694359818,0.568647694359818,20.57211171368309,21.140759408042907,0.0,0.0,0.568647694359818,0.0,0.0
2020:Gays and Lesbians / Republican,Gays and Lesbians / Republican,52.33880126182965,synth_only,0.15,0.005,0.005,0.13999999999999999,abs_005_005,1585,1585,43.76721926329175,44.27482433497116,False,0.5076050716794072,0.5076050716794072,43.76721926329175,44.27482433497116,0.0,0.0,0.5076050716794072,0.0,0.0
2020:Jews / Republican,Jews / Republican,74.92191435768262,synth_only,0.15,0.005,0.005,0.13999999999999999,abs_005_005,1588,1588,75.03639944139263,75.35246938218341,False,0.31606994079078277,0.31606994079078277,75.03639944139263,75.35246938218341,0.0,0.0,0.31606994079078277,0.0,0.0
2020:Liberals / Republican,Liberals / Republican,25.645363408521302,synth_only,0.15,0.005,0.005,0.13999999999999999,abs_005_005,1596,1596,22.69847284071412,23.183502159333838,False,0.4850293186197163,0.4850293186197163,22.69847284071412,23.183502159333838,0.0,0.0,0.4850293186197163,0.0,0.0
2020:Muslims / Republican,Muslims / Republican,46.96651926721415,synth_only,0.15,0.005,0.005,0.13999999999999999,abs_005_005,1583,1583,31.98106607329202,32.609672977832,False,0.6286069045399785,0.6286069045399785,31.98106607329202,32.609672977832,0.0,0.0,0.6286069045399785,0.0,0.0
2020:Republican Party / Republican,Republican Party / Republican,75.20591581342434,synth_only,0.15,0.005,0.005,0.13999999999999999,abs_005_005,1758,1758,81.00511659223878,81.43987394582533,False,0.4347573535865479,0.4347573535865479,81.00511659223878,81.43987394582533,0.0,0.0,0.4347573535865479,0.0,0.0
2020:White Americans / Republican,White Americans / Republican,74.25371207230471,synth_only,0.15,0.005,0.005,0.13999999999999999,abs_005_005,1549,1549,74.13201974160813,74.57865068029946,True,0.4466309386913281,0.4466309386913281,74.13201974160813,74.57865068029946,0.0,0.0,0.4466309386913281,0.0,0.0
